{
  "typoFixes": {
    "алтаискии_краи": "алтайский край",
    "забаикальскии_краи": "забайкальский край",
    "краснодарскии_краи": "краснодарский край",
    "красноярскии_краи": "красноярский край",
    "камчатскии_краи": "камчатский край",
    "пермскии_краи": "пермский край",
    "приморскии_краи": "приморский край",
    "ставропольскии_краи": "ставропольский край",
    "хабаровскии_краи": "хабаровский край",
    "ненецкии_автономныи_округ": "ненецкий автономный округ",
    "ханты_мансиискии_автономныи_округ_югра": "ханты мансийский автономный округ югра",
    "чукотскии_автономныи_округ": "чукотский автономный округ",
    "ямалоненецкии_автономныи_округ": "ямало ненецкий автономный округ",
    "евреиская_автономная_область": "еврейская автономная область",
    "амурская_область": "амурская область",
    "москва_город": "москва",
    "санкт_петербург_город": "санкт петербург",
    "севастополь_город": "севастополь"
  },
  "regions": {
    "москва": "RU-MOW",
    "московская область": "RU-MOS",
    "белгородская область": "RU-BEL",
    "брянская область": "RU-BRY",
    "владимирская область": "RU-VLA",
    "воронежская область": "RU-VOR",
    "ивановская область": "RU-IVA",
    "калужская область": "RU-KLU",
    "костромская область": "RU-KOS",
    "курская область": "RU-KRS",
    "липецкая область": "RU-LIP",
    "орловская область": "RU-ORL",
    "рязанская область": "RU-RYA",
    "смоленская область": "RU-SMO",
    "тамбовская область": "RU-TAM",
    "тверская область": "RU-TVE",
    "тульская область": "RU-TUL",
    "ярославская область": "RU-YAR",
    "санкт петербург": "RU-SPE",
    "ленинградская область": "RU-LEN",
    "архангельская область": "RU-ARK",
    "вологодская область": "RU-VLG",
    "калининградская область": "RU-KGD",
    "мурманская область": "RU-MUR",
    "новгородская область": "RU-NGR",
    "псковская область": "RU-PSK",
    "республика карелия": "RU-KR",
    "республика коми": "RU-KO",
    "ненецкий автономный округ": "RU-NEN",
    "астраханская область": "RU-AST",
    "волгоградская область": "RU-VGG",
    "краснодарский край": "RU-KDA",
    "ростовская область": "RU-ROS",
    "республика адыгея": "RU-AD",
    "республика калмыкия": "RU-KL",
    "республика крым": "RU-CR",
    "севастополь": "RU-SEV",
    "республика дагестан": "RU-DA",
    "республика ингушетия": "RU-IN",
    "кабардино балкарская республика": "RU-KB",
    "карачаево черкесская республика": "RU-KC",
    "республика северная осетия алания": "RU-SE",
    "чеченская республика": "RU-CE",
    "ставропольский край": "RU-STA",
    "кировская область": "RU-KIR",
    "нижегородская область": "RU-NIZ",
    "оренбургская область": "RU-ORE",
    "пензенская область": "RU-PNZ",
    "пермский край": "RU-PER",
    "самарская область": "RU-SAM",
    "саратовская область": "RU-SAR",
    "ульяновская область": "RU-ULY",
    "республика башкортостан": "RU-BA",
    "республика марий эл": "RU-ME",
    "республика мордовия": "RU-MO",
    "республика татарстан": "RU-TA",
    "удмуртская республика": "RU-UD",
    "чувашская республика": "RU-CU",
    "курганская область": "RU-KGN",
    "свердловская область": "RU-SVE",
    "тюменская область": "RU-TYU",
    "ханты мансийский автономный округ югра": "RU-KHM",
    "ямало ненецкий автономный округ": "RU-YAN",
    "челябинская область": "RU-CHE",
    "алтайский край": "RU-ALT",
    "иркутская область": "RU-IRK",
    "кемеровская область": "RU-KEM",
    "красноярский край": "RU-KYA",
    "новосибирская область": "RU-NVS",
    "омская область": "RU-OMS",
    "томская область": "RU-TOM",
    "республика алтай": "RU-AL",
    "республика тыва": "RU-TY",
    "республика хакасия": "RU-HR",
    "амурская область": "RU-AMU",
    "еврейская автономная область": "RU-YEV",
    "забайкальский край": "RU-ZAB",
    "камчатский край": "RU-KAM",
    "магаданская область": "RU-MAG",
    "приморский край": "RU-PRI",
    "сахалинская область": "RU-SAK",
    "хабаровский край": "RU-KHA",
    "чукотский автономный округ": "RU-CHU",
    "республика бурятия": "RU-BU",
    "республика саха якутия": "RU-SA",
    "запорожская область": "RU-ZP",
    "донецкая народная республика": "RU-DON",
    "луганская народная республика": "RU-LUG",
    "херсонская область": "RU-KK"
  }
}






